user_id,is_risky
U00001,False
U00002,False
U00003,False
U00004,False
U00005,False
U00006,False
U00007,False
U00008,False
U00009,False
U00010,False
U00011,False
U00012,False
U00013,False
U00014,False
U00015,False
U00016,False
U00017,False
U00018,False
U00019,False
U00020,False
U00021,False
U00022,False
U00023,False
U00024,False
U00025,False
U00026,False
U00027,False
U00028,False
U00029,False
U00030,False
U00031,False
U00032,False
U00033,False
U00034,False
U00035,False
U00036,False
U00037,False
U00038,False
U00039,False
U00040,False
U00041,False
U00042,False
U00043,False
U00044,False
U00045,False
U00046,False
U00047,False
U00048,False
U00049,False
U00050,False
U00051,False
U00052,False
U00053,False
U00054,False
U00055,False
U00056,False
U00057,False
U00058,False
U00059,False
U00060,False
U00061,False
U00062,False
U00063,False
U00064,False
U00065,False
U00066,False
U00067,False
U00068,False
U00069,False
U00070,False
U00071,False
U00072,False
U00073,False
U00074,False
U00075,False
U00076,False
U00077,False
U00078,False
U00079,False
U00080,False
U00081,False
U00082,False
U00083,False
U00084,False
U00085,False
U00086,False
U00087,False
U00088,False
U00089,False
U00090,False
U00091,False
U00092,False
U00093,False
U00094,False
U00095,False
U00096,False
U00097,False
U00098,False
U00099,False
U00100,False
U00101,False
U00102,False
U00103,False
U00104,False
U00105,False
U00106,False
U00107,False
U00108,False
U00109,False
U00110,False
U00111,False
U00112,False
U00113,False
U00114,False
U00115,False
U00116,False
U00117,False
U00118,False
U00119,False
U00120,False
U00121,False
U00122,False
U00123,False
U00124,False
U00125,False
U00126,False
U00127,False
U00128,False
U00129,False
U00130,False
U00131,False
U00132,False
U00133,False
U00134,False
U00135,False
U00136,False
U00137,False
U00138,False
U00139,False
U00140,False
U00141,False
U00142,False
U00143,False
U00144,False
U00145,False
U00146,False
U00147,False
U00148,False
U00149,False
U00150,False
U00151,False
U00152,False
U00153,False
U00154,False
U00155,False
U00156,False
U00157,False
U00158,False
U00159,False
U00160,False
U00161,False
U00162,False
U00163,False
U00164,False
U00165,False
U00166,False
U00167,False
U00168,False
U00169,False
U00170,False
U00171,False
U00172,False
U00173,False
U00174,False
U00175,False
U00176,False
U00177,False
U00178,False
U00179,False
U00180,False
U00181,False
U00182,False
U00183,False
U00184,False
U00185,False
U00186,False
U00187,False
U00188,False
U00189,False
U00190,False
U00191,False
U00192,False
U00193,False
U00194,False
U00195,False
U00196,False
U00197,False
U00198,False
U00199,False
U00200,False
U00201,False
U00202,False
U00203,False
U00204,False
U00205,False
U00206,False
U00207,False
U00208,False
U00209,False
U00210,False
U00211,False
U00212,False
U00213,False
U00214,False
U00215,False
U00216,False
U00217,False
U00218,False
U00219,False
U00220,False
U00221,False
U00222,False
U00223,False
U00224,False
U00225,False
U00226,False
U00227,False
U00228,False
U00229,False
U00230,False
U00231,False
U00232,False
U00233,False
U00234,False
U00235,False
U00236,False
U00237,False
U00238,False
U00239,False
U00240,False
U00241,False
U00242,False
U00243,False
U00244,False
U00245,False
U00246,False
U00247,False
U00248,False
U00249,False
U00250,False
U00251,False
U00252,False
U00253,False
U00254,False
U00255,False
U00256,False
U00257,False
U00258,False
U00259,False
U00260,False
U00261,False
U00262,False
U00263,False
U00264,False
U00265,False
U00266,False
U00267,False
U00268,False
U00269,False
U00270,False
U00271,False
U00272,False
U00273,False
U00274,False
U00275,False
U00276,False
U00277,False
U00278,False
U00279,False
U00280,False
U00281,False
U00282,False
U00283,False
U00284,False
U00285,False
U00286,False
U00287,False
U00288,False
U00289,False
U00290,False
U00291,False
U00292,False
U00293,False
U00294,False
U00295,False
U00296,False
U00297,False
U00298,False
U00299,False
U00300,False
U00301,False
U00302,False
U00303,False
U00304,False
U00305,False
U00306,False
U00307,False
U00308,False
U00309,False
U00310,False
U00311,False
U00312,False
U00313,False
U00314,False
U00315,False
U00316,False
U00317,False
U00318,False
U00319,False
U00320,False
U00321,False
U00322,False
U00323,False
U00324,False
U00325,False
U00326,False
U00327,False
U00328,False
U00329,False
U00330,False
U00331,False
U00332,False
U00333,False
U00334,False
U00335,False
U00336,False
U00337,False
U00338,False
U00339,False
U00340,False
U00341,False
U00342,False
U00343,False
U00344,False
U00345,False
U00346,False
U00347,False
U00348,False
U00349,False
U00350,False
U00351,False
U00352,False
U00353,False
U00354,False
U00355,False
U00356,False
U00357,False
U00358,False
U00359,False
U00360,False
U00361,False
U00362,False
U00363,False
U00364,False
U00365,False
U00366,False
U00367,False
U00368,False
U00369,False
U00370,False
U00371,False
U00372,False
U00373,False
U00374,False
U00375,False
U00376,False
U00377,False
U00378,False
U00379,False
U00380,False
U00381,False
U00382,False
U00383,False
U00384,False
U00385,False
U00386,False
U00387,False
U00388,False
U00389,False
U00390,False
U00391,False
U00392,False
U00393,False
U00394,False
U00395,False
U00396,False
U00397,False
U00398,False
U00399,False
U00400,False
U00401,False
U00402,False
U00403,False
U00404,False
U00405,False
U00406,False
U00407,False
U00408,False
U00409,False
U00410,False
U00411,False
U00412,False
U00413,False
U00414,False
U00415,False
U00416,False
U00417,False
U00418,False
U00419,False
U00420,False
U00421,False
U00422,False
U00423,False
U00424,False
U00425,False
U00426,False
U00427,False
U00428,False
U00429,False
U00430,False
U00431,False
U00432,False
U00433,False
U00434,False
U00435,False
U00436,False
U00437,False
U00438,False
U00439,False
U00440,False
U00441,False
U00442,False
U00443,False
U00444,False
U00445,False
U00446,False
U00447,False
U00448,False
U00449,False
U00450,False
U00451,False
U00452,False
U00453,False
U00454,False
U00455,False
U00456,False
U00457,False
U00458,False
U00459,False
U00460,False
U00461,False
U00462,False
U00463,False
U00464,False
U00465,False
U00466,False
U00467,False
U00468,False
U00469,False
U00470,False
U00471,False
U00472,False
U00473,False
U00474,False
U00475,False
U00476,False
U00477,False
U00478,False
U00479,False
U00480,False
U00481,False
U00482,False
U00483,False
U00484,False
U00485,False
U00486,False
U00487,False
U00488,False
U00489,False
U00490,False
U00491,False
U00492,False
U00493,False
U00494,False
U00495,False
U00496,False
U00497,False
U00498,False
U00499,False
U00500,False
U00501,False
U00502,False
U00503,False
U00504,False
U00505,False
U00506,False
U00507,False
U00508,False
U00509,False
U00510,False
U00511,False
U00512,False
U00513,False
U00514,False
U00515,False
U00516,False
U00517,False
U00518,False
U00519,False
U00520,False
U00521,False
U00522,False
U00523,False
U00524,False
U00525,False
U00526,False
U00527,False
U00528,False
U00529,False
U00530,False
U00531,False
U00532,False
U00533,False
U00534,False
U00535,False
U00536,False
U00537,False
U00538,False
U00539,False
U00540,False
U00541,False
U00542,False
U00543,False
U00544,False
U00545,False
U00546,False
U00547,False
U00548,False
U00549,False
U00550,False
U00551,False
U00552,False
U00553,False
U00554,False
U00555,False
U00556,False
U00557,False
U00558,False
U00559,False
U00560,False
U00561,False
U00562,False
U00563,False
U00564,False
U00565,False
U00566,False
U00567,False
U00568,False
U00569,False
U00570,False
U00571,False
U00572,False
U00573,False
U00574,False
U00575,False
U00576,False
U00577,False
U00578,False
U00579,False
U00580,False
U00581,False
U00582,False
U00583,False
U00584,False
U00585,False
U00586,False
U00587,False
U00588,False
U00589,False
U00590,False
U00591,False
U00592,False
U00593,False
U00594,False
U00595,False
U00596,False
U00597,False
U00598,False
U00599,False
U00600,False
U00601,False
U00602,False
U00603,False
U00604,False
U00605,False
U00606,False
U00607,False
U00608,False
U00609,False
U00610,False
U00611,False
U00612,False
U00613,False
U00614,False
U00615,False
U00616,False
U00617,False
U00618,False
U00619,False
U00620,False
U00621,False
U00622,False
U00623,False
U00624,False
U00625,False
U00626,False
U00627,False
U00628,False
U00629,False
U00630,False
U00631,False
U00632,False
U00633,False
U00634,False
U00635,False
U00636,False
U00637,False
U00638,False
U00639,False
U00640,False
U00641,False
U00642,False
U00643,False
U00644,False
U00645,False
U00646,False
U00647,False
U00648,False
U00649,False
U00650,False
U00651,False
U00652,False
U00653,False
U00654,False
U00655,False
U00656,False
U00657,False
U00658,False
U00659,False
U00660,False
U00661,False
U00662,False
U00663,False
U00664,False
U00665,False
U00666,False
U00667,False
U00668,False
U00669,False
U00670,False
U00671,False
U00672,False
U00673,False
U00674,False
U00675,False
U00676,False
U00677,False
U00678,False
U00679,False
U00680,False
U00681,False
U00682,False
U00683,False
U00684,False
U00685,False
U00686,False
U00687,False
U00688,False
U00689,False
U00690,False
U00691,False
U00692,False
U00693,False
U00694,False
U00695,False
U00696,False
U00697,False
U00698,False
U00699,False
U00700,False
U00701,False
U00702,False
U00703,False
U00704,False
U00705,False
U00706,False
U00707,False
U00708,False
U00709,False
U00710,False
U00711,False
U00712,False
U00713,False
U00714,False
U00715,False
U00716,False
U00717,False
U00718,False
U00719,False
U00720,False
U00721,False
U00722,False
U00723,False
U00724,False
U00725,False
U00726,False
U00727,False
U00728,False
U00729,False
U00730,False
U00731,False
U00732,False
U00733,False
U00734,False
U00735,False
U00736,False
U00737,False
U00738,False
U00739,False
U00740,False
U00741,False
U00742,False
U00743,False
U00744,False
U00745,False
U00746,False
U00747,False
U00748,False
U00749,False
U00750,False
U00751,False
U00752,False
U00753,False
U00754,False
U00755,False
U00756,False
U00757,False
U00758,False
U00759,False
U00760,False
U00761,False
U00762,False
U00763,False
U00764,False
U00765,False
U00766,False
U00767,False
U00768,False
U00769,False
U00770,False
U00771,False
U00772,False
U00773,False
U00774,False
U00775,False
U00776,False
U00777,False
U00778,False
U00779,False
U00780,False
U00781,False
U00782,False
U00783,False
U00784,False
U00785,False
U00786,False
U00787,False
U00788,False
U00789,False
U00790,False
U00791,False
U00792,False
U00793,False
U00794,False
U00795,False
U00796,False
U00797,False
U00798,False
U00799,False
U00800,False
U00801,False
U00802,False
U00803,False
U00804,False
U00805,False
U00806,False
U00807,False
U00808,False
U00809,False
U00810,False
U00811,False
U00812,False
U00813,False
U00814,False
U00815,False
U00816,False
U00817,False
U00818,False
U00819,False
U00820,False
U00821,False
U00822,False
U00823,False
U00824,False
U00825,False
U00826,False
U00827,False
U00828,False
U00829,False
U00830,False
U00831,False
U00832,False
U00833,False
U00834,False
U00835,False
U00836,False
U00837,False
U00838,False
U00839,False
U00840,False
U00841,False
U00842,False
U00843,False
U00844,False
U00845,False
U00846,False
U00847,False
U00848,False
U00849,False
U00850,False
U00851,False
U00852,False
U00853,False
U00854,False
U00855,False
U00856,False
U00857,False
U00858,False
U00859,False
U00860,False
U00861,False
U00862,False
U00863,False
U00864,False
U00865,False
U00866,False
U00867,False
U00868,False
U00869,False
U00870,False
U00871,False
U00872,False
U00873,False
U00874,False
U00875,False
U00876,False
U00877,False
U00878,False
U00879,False
U00880,False
U00881,False
U00882,False
U00883,False
U00884,False
U00885,False
U00886,False
U00887,False
U00888,False
U00889,False
U00890,False
U00891,False
U00892,False
U00893,False
U00894,False
U00895,False
U00896,False
U00897,False
U00898,False
U00899,False
U00900,False
U00901,False
U00902,False
U00903,False
U00904,False
U00905,False
U00906,False
U00907,False
U00908,False
U00909,False
U00910,False
U00911,False
U00912,False
U00913,False
U00914,False
U00915,False
U00916,False
U00917,False
U00918,False
U00919,False
U00920,False
U00921,False
U00922,False
U00923,False
U00924,False
U00925,False
U00926,False
U00927,False
U00928,False
U00929,False
U00930,False
U00931,False
U00932,False
U00933,False
U00934,False
U00935,False
U00936,False
U00937,False
U00938,False
U00939,False
U00940,False
U00941,False
U00942,False
U00943,False
U00944,False
U00945,False
U00946,False
U00947,False
U00948,False
U00949,False
U00950,False
U00951,False
U00952,False
U00953,False
U00954,False
U00955,False
U00956,False
U00957,False
U00958,False
U00959,False
U00960,False
U00961,False
U00962,False
U00963,False
U00964,False
U00965,False
U00966,False
U00967,False
U00968,False
U00969,False
U00970,False
U00971,False
U00972,False
U00973,False
U00974,False
U00975,False
U00976,False
U00977,False
U00978,False
U00979,False
U00980,False
U00981,False
U00982,False
U00983,False
U00984,False
U00985,False
U00986,False
U00987,False
U00988,False
U00989,False
U00990,False
U00991,False
U00992,False
U00993,False
U00994,False
U00995,False
U00996,False
U00997,False
U00998,False
U00999,False
U01000,False
U01001,False
U01002,False
U01003,False
U01004,False
U01005,False
U01006,False
U01007,False
U01008,False
U01009,False
U01010,False
U01011,False
U01012,False
U01013,False
U01014,False
U01015,False
U01016,False
U01017,False
U01018,False
U01019,False
U01020,False
U01021,False
U01022,False
U01023,False
U01024,False
U01025,False
U01026,False
U01027,False
U01028,False
U01029,False
U01030,False
U01031,False
U01032,False
U01033,False
U01034,False
U01035,False
U01036,False
U01037,False
U01038,False
U01039,False
U01040,False
U01041,False
U01042,False
U01043,False
U01044,False
U01045,False
U01046,False
U01047,False
U01048,False
U01049,False
U01050,False
U01051,False
U01052,False
U01053,False
U01054,False
U01055,False
U01056,False
U01057,False
U01058,False
U01059,False
U01060,False
U01061,False
U01062,False
U01063,False
U01064,False
U01065,False
U01066,False
U01067,False
U01068,False
U01069,False
U01070,False
U01071,False
U01072,False
U01073,False
U01074,False
U01075,False
U01076,False
U01077,False
U01078,False
U01079,False
U01080,False
U01081,False
U01082,False
U01083,False
U01084,False
U01085,False
U01086,False
U01087,False
U01088,False
U01089,False
U01090,False
U01091,False
U01092,False
U01093,False
U01094,False
U01095,False
U01096,False
U01097,False
U01098,False
U01099,False
U01100,False
U01101,False
U01102,False
U01103,False
U01104,False
U01105,False
U01106,False
U01107,False
U01108,False
U01109,False
U01110,False
U01111,False
U01112,False
U01113,False
U01114,False
U01115,False
U01116,False
U01117,False
U01118,False
U01119,False
U01120,False
U01121,False
U01122,False
U01123,False
U01124,False
U01125,False
U01126,False
U01127,False
U01128,False
U01129,False
U01130,False
U01131,False
U01132,False
U01133,False
U01134,False
U01135,False
U01136,False
U01137,False
U01138,False
U01139,False
U01140,False
U01141,False
U01142,False
U01143,False
U01144,False
U01145,False
U01146,False
U01147,False
U01148,False
U01149,False
U01150,False
U01151,False
U01152,False
U01153,False
U01154,False
U01155,False
U01156,False
U01157,False
U01158,False
U01159,False
U01160,False
U01161,False
U01162,False
U01163,False
U01164,False
U01165,False
U01166,False
U01167,False
U01168,False
U01169,False
U01170,False
U01171,False
U01172,False
U01173,False
U01174,False
U01175,False
U01176,False
U01177,False
U01178,False
U01179,False
U01180,False
U01181,False
U01182,False
U01183,False
U01184,False
U01185,False
U01186,False
U01187,False
U01188,False
U01189,False
U01190,False
U01191,False
U01192,False
U01193,False
U01194,False
U01195,False
U01196,False
U01197,False
U01198,False
U01199,False
U01200,False
U01201,False
U01202,False
U01203,False
U01204,False
U01205,False
U01206,False
U01207,False
U01208,False
U01209,False
U01210,False
U01211,False
U01212,False
U01213,False
U01214,False
U01215,False
U01216,False
U01217,False
U01218,False
U01219,False
U01220,False
U01221,False
U01222,False
U01223,False
U01224,False
U01225,False
U01226,False
U01227,False
U01228,False
U01229,False
U01230,False
U01231,False
U01232,False
U01233,False
U01234,False
U01235,False
U01236,False
U01237,False
U01238,False
U01239,False
U01240,False
U01241,False
U01242,False
U01243,False
U01244,False
U01245,False
U01246,False
U01247,False
U01248,False
U01249,False
U01250,False
U01251,False
U01252,False
U01253,False
U01254,False
U01255,False
U01256,False
U01257,False
U01258,False
U01259,False
U01260,False
U01261,False
U01262,False
U01263,False
U01264,False
U01265,False
U01266,False
U01267,False
U01268,False
U01269,False
U01270,False
U01271,False
U01272,False
U01273,False
U01274,False
U01275,False
U01276,False
U01277,False
U01278,False
U01279,False
U01280,False
U01281,False
U01282,False
U01283,False
U01284,False
U01285,False
U01286,False
U01287,False
U01288,False
U01289,False
U01290,False
U01291,False
U01292,False
U01293,False
U01294,False
U01295,False
U01296,False
U01297,False
U01298,False
U01299,False
U01300,False
U01301,False
U01302,False
U01303,False
U01304,False
U01305,False
U01306,False
U01307,False
U01308,False
U01309,False
U01310,False
U01311,False
U01312,False
U01313,False
U01314,False
U01315,False
U01316,False
U01317,False
U01318,False
U01319,False
U01320,False
U01321,False
U01322,False
U01323,False
U01324,False
U01325,False
U01326,False
U01327,False
U01328,False
U01329,False
U01330,False
U01331,False
U01332,False
U01333,False
U01334,False
U01335,False
U01336,False
U01337,False
U01338,False
U01339,False
U01340,False
U01341,False
U01342,False
U01343,False
U01344,False
U01345,False
U01346,False
U01347,False
U01348,False
U01349,False
U01350,False
U01351,False
U01352,False
U01353,False
U01354,False
U01355,False
U01356,False
U01357,False
U01358,False
U01359,False
U01360,False
U01361,False
U01362,False
U01363,False
U01364,False
U01365,False
U01366,False
U01367,False
U01368,False
U01369,False
U01370,False
U01371,False
U01372,False
U01373,False
U01374,False
U01375,False
U01376,False
U01377,False
U01378,False
U01379,False
U01380,False
U01381,False
U01382,False
U01383,False
U01384,False
U01385,False
U01386,False
U01387,False
U01388,False
U01389,False
U01390,False
U01391,False
U01392,False
U01393,False
U01394,False
U01395,False
U01396,False
U01397,False
U01398,False
U01399,False
U01400,False
U01401,True
U01402,True
U01403,True
U01404,True
U01405,True
U01406,True
U01407,True
U01408,True
U01409,True
U01410,True
U01411,True
U01412,True
U01413,True
U01414,True
U01415,True
U01416,True
U01417,True
U01418,True
U01419,True
U01420,True
U01421,True
U01422,True
U01423,True
U01424,True
U01425,True
U01426,True
U01427,True
U01428,True
U01429,True
U01430,True
U01431,True
U01432,True
U01433,True
U01434,True
U01435,True
U01436,True
U01437,True
U01438,True
U01439,True
U01440,True
U01441,True
U01442,True
U01443,True
U01444,True
U01445,True
U01446,True
U01447,True
U01448,True
U01449,True
U01450,True
U01451,True
U01452,True
U01453,True
U01454,True
U01455,True
U01456,True
U01457,True
U01458,True
U01459,True
U01460,True
U01461,True
U01462,True
U01463,True
U01464,True
U01465,True
U01466,True
U01467,True
U01468,True
U01469,True
U01470,True
U01471,True
U01472,True
U01473,True
U01474,True
U01475,True
U01476,True
U01477,True
U01478,True
U01479,True
U01480,True
U01481,True
U01482,True
U01483,True
U01484,True
U01485,True
U01486,True
U01487,True
U01488,True
U01489,True
U01490,True
U01491,True
U01492,True
U01493,True
U01494,True
U01495,True
U01496,True
U01497,True
U01498,True
U01499,True
U01500,True
U01501,True
U01502,True
U01503,True
U01504,True
U01505,True
U01506,True
U01507,True
U01508,True
U01509,True
U01510,True
U01511,True
U01512,True
U01513,True
U01514,True
U01515,True
U01516,True
U01517,True
U01518,True
U01519,True
U01520,True
U01521,True
U01522,True
U01523,True
U01524,True
U01525,True
U01526,True
U01527,True
U01528,True
U01529,True
U01530,True
U01531,True
U01532,True
U01533,True
U01534,True
U01535,True
U01536,True
U01537,True
U01538,True
U01539,True
U01540,True
U01541,True
U01542,True
U01543,True
U01544,True
U01545,True
U01546,True
U01547,True
U01548,True
U01549,True
U01550,True
U01551,True
U01552,True
U01553,True
U01554,True
U01555,True
U01556,True
U01557,True
U01558,True
U01559,True
U01560,True
U01561,True
U01562,True
U01563,True
U01564,True
U01565,True
U01566,True
U01567,True
U01568,True
U01569,True
U01570,True
U01571,True
U01572,True
U01573,True
U01574,True
U01575,True
U01576,True
U01577,True
U01578,True
U01579,True
U01580,True
U01581,True
U01582,True
U01583,True
U01584,True
U01585,True
U01586,True
U01587,True
U01588,True
U01589,True
U01590,True
U01591,True
U01592,True
U01593,True
U01594,True
U01595,True
U01596,True
U01597,True
U01598,True
U01599,True
U01600,True
U01601,True
U01602,True
U01603,True
U01604,True
U01605,True
U01606,True
U01607,True
U01608,True
U01609,True
U01610,True
U01611,True
U01612,True
U01613,True
U01614,True
U01615,True
U01616,True
U01617,True
U01618,True
U01619,True
U01620,True
U01621,True
U01622,True
U01623,True
U01624,True
U01625,True
U01626,True
U01627,True
U01628,True
U01629,True
U01630,True
U01631,True
U01632,True
U01633,True
U01634,True
U01635,True
U01636,True
U01637,True
U01638,True
U01639,True
U01640,True
U01641,True
U01642,True
U01643,True
U01644,True
U01645,True
U01646,True
U01647,True
U01648,True
U01649,True
U01650,True
U01651,True
U01652,True
U01653,True
U01654,True
U01655,True
U01656,True
U01657,True
U01658,True
U01659,True
U01660,True
U01661,True
U01662,True
U01663,True
U01664,True
U01665,True
U01666,True
U01667,True
U01668,True
U01669,True
U01670,True
U01671,True
U01672,True
U01673,True
U01674,True
U01675,True
U01676,True
U01677,True
U01678,True
U01679,True
U01680,True
U01681,True
U01682,True
U01683,True
U01684,True
U01685,True
U01686,True
U01687,True
U01688,True
U01689,True
U01690,True
U01691,True
U01692,True
U01693,True
U01694,True
U01695,True
U01696,True
U01697,True
U01698,True
U01699,True
U01700,True
U01701,True
U01702,True
U01703,True
U01704,True
U01705,True
U01706,True
U01707,True
U01708,True
U01709,True
U01710,True
U01711,True
U01712,True
U01713,True
U01714,True
U01715,True
U01716,True
U01717,True
U01718,True
U01719,True
U01720,True
U01721,True
U01722,True
U01723,True
U01724,True
U01725,True
U01726,True
U01727,True
U01728,True
U01729,True
U01730,True
U01731,True
U01732,True
U01733,True
U01734,True
U01735,True
U01736,True
U01737,True
U01738,True
U01739,True
U01740,True
U01741,True
U01742,True
U01743,True
U01744,True
U01745,True
U01746,True
U01747,True
U01748,True
U01749,True
U01750,True
U01751,True
U01752,True
U01753,True
U01754,True
U01755,True
U01756,True
U01757,True
U01758,True
U01759,True
U01760,True
U01761,True
U01762,True
U01763,True
U01764,True
U01765,True
U01766,True
U01767,True
U01768,True
U01769,True
U01770,True
U01771,True
U01772,True
U01773,True
U01774,True
U01775,True
U01776,True
U01777,True
U01778,True
U01779,True
U01780,True
U01781,True
U01782,True
U01783,True
U01784,True
U01785,True
U01786,True
U01787,True
U01788,True
U01789,True
U01790,True
U01791,True
U01792,True
U01793,True
U01794,True
U01795,True
U01796,True
U01797,True
U01798,True
U01799,True
U01800,True
U01801,True
U01802,True
U01803,True
U01804,True
U01805,True
U01806,True
U01807,True
U01808,True
U01809,True
U01810,True
U01811,True
U01812,True
U01813,True
U01814,True
U01815,True
U01816,True
U01817,True
U01818,True
U01819,True
U01820,True
U01821,True
U01822,True
U01823,True
U01824,True
U01825,True
U01826,True
U01827,True
U01828,True
U01829,True
U01830,True
U01831,True
U01832,True
U01833,True
U01834,True
U01835,True
U01836,True
U01837,True
U01838,True
U01839,True
U01840,True
U01841,True
U01842,True
U01843,True
U01844,True
U01845,True
U01846,True
U01847,True
U01848,True
U01849,True
U01850,True
U01851,True
U01852,True
U01853,True
U01854,True
U01855,True
U01856,True
U01857,True
U01858,True
U01859,True
U01860,True
U01861,True
U01862,True
U01863,True
U01864,True
U01865,True
U01866,True
U01867,True
U01868,True
U01869,True
U01870,True
U01871,True
U01872,True
U01873,True
U01874,True
U01875,True
U01876,True
U01877,True
U01878,True
U01879,True
U01880,True
U01881,True
U01882,True
U01883,True
U01884,True
U01885,True
U01886,True
U01887,True
U01888,True
U01889,True
U01890,True
U01891,True
U01892,True
U01893,True
U01894,True
U01895,True
U01896,True
U01897,True
U01898,True
U01899,True
U01900,True
U01901,True
U01902,True
U01903,True
U01904,True
U01905,True
U01906,True
U01907,True
U01908,True
U01909,True
U01910,True
U01911,True
U01912,True
U01913,True
U01914,True
U01915,True
U01916,True
U01917,True
U01918,True
U01919,True
U01920,True
U01921,True
U01922,True
U01923,True
U01924,True
U01925,True
U01926,True
U01927,True
U01928,True
U01929,True
U01930,True
U01931,True
U01932,True
U01933,True
U01934,True
U01935,True
U01936,True
U01937,True
U01938,True
U01939,True
U01940,True
U01941,True
U01942,True
U01943,True
U01944,True
U01945,True
U01946,True
U01947,True
U01948,True
U01949,True
U01950,True
U01951,True
U01952,True
U01953,True
U01954,True
U01955,True
U01956,True
U01957,True
U01958,True
U01959,True
U01960,True
U01961,True
U01962,True
U01963,True
U01964,True
U01965,True
U01966,True
U01967,True
U01968,True
U01969,True
U01970,True
U01971,True
U01972,True
U01973,True
U01974,True
U01975,True
U01976,True
U01977,True
U01978,True
U01979,True
U01980,True
U01981,True
U01982,True
U01983,True
U01984,True
U01985,True
U01986,True
U01987,True
U01988,True
U01989,True
U01990,True
U01991,True
U01992,True
U01993,True
U01994,True
U01995,True
U01996,True
U01997,True
U01998,True
U01999,True
U02000,True
